{"cameraMode":{"drawMode":0,"name":"Shaded","section":"Shading Mode"},"sceneLighting":false,"audioPlay":false,"sceneViewState":{"m_AlwaysRefresh":true,"showFog":false,"showSkybox":true,"showFlares":true,"showImageEffects":true,"showParticleSystems":true,"showVisualEffectGraphs":true,"m_FxEnabled":true},"in2DMode":false,"pivot":{"x":-0.5047769546508789,"y":-0.5259435176849365,"z":0.8800000548362732},"rotation":{"x":0.01613832637667656,"y":0.9552721977233887,"z":0.05307239666581154,"w":-0.29048752784729006},"size":9.399999618530274,"orthographic":false}