{"cameraMode":{"drawMode":0,"name":"Shaded","section":"Shading Mode"},"sceneLighting":true,"audioPlay":false,"sceneViewState":{"m_AlwaysRefresh":true,"showFog":false,"showSkybox":true,"showFlares":true,"showImageEffects":true,"showParticleSystems":true,"showVisualEffectGraphs":true,"m_FxEnabled":false},"in2DMode":false,"pivot":{"x":-0.04050000384449959,"y":-9.020000457763672,"z":0.8799999952316284},"rotation":{"x":0.022478800266981126,"y":-0.04137580469250679,"z":0.0009311078465543687,"w":0.9988908171653748},"size":15.700003623962403,"orthographic":false}