{"cameraMode":{"drawMode":0,"name":"Shaded","section":"Shading Mode"},"sceneLighting":true,"audioPlay":false,"sceneViewState":{"m_AlwaysRefresh":true,"showFog":false,"showSkybox":true,"showFlares":true,"showImageEffects":true,"showParticleSystems":true,"showVisualEffectGraphs":true,"m_FxEnabled":false},"in2DMode":false,"pivot":{"x":-0.49949994683265688,"y":-8.291000366210938,"z":1.8250001668930054},"rotation":{"x":-0.020606018602848054,"y":0.9601499438285828,"z":-0.2688330411911011,"w":-0.07359519600868225},"size":14.200002670288086,"orthographic":false}