{"cameraMode":{"drawMode":0,"name":"Shaded","section":"Shading Mode"},"sceneLighting":false,"audioPlay":false,"sceneViewState":{"m_AlwaysRefresh":true,"showFog":false,"showSkybox":true,"showFlares":true,"showImageEffects":true,"showParticleSystems":true,"showVisualEffectGraphs":true,"m_FxEnabled":true},"in2DMode":false,"pivot":{"x":0.06750012934207916,"y":-8.210000038146973,"z":1.8250001668930054},"rotation":{"x":-0.001394249266013503,"y":0.9984695911407471,"z":-0.04646239057183266,"w":-0.029963098466396333},"size":10.90000057220459,"orthographic":false}