{"cameraMode":{"drawMode":0,"name":"Shaded","section":"Shading Mode"},"sceneLighting":true,"audioPlay":false,"sceneViewState":{"m_AlwaysRefresh":true,"showFog":false,"showSkybox":true,"showFlares":true,"showImageEffects":true,"showParticleSystems":true,"showVisualEffectGraphs":true,"m_FxEnabled":false},"in2DMode":false,"pivot":{"x":0.7450700402259827,"y":-8.879537582397461,"z":1.8938835859298707},"rotation":{"x":0.22748425602912904,"y":-0.007303284015506506,"z":0.0017061640974134207,"w":0.9737529754638672},"size":13.300002098083496,"orthographic":false}