{"cameraMode":{"drawMode":0,"name":"Shaded","section":"Shading Mode"},"sceneLighting":false,"audioPlay":false,"sceneViewState":{"m_AlwaysRefresh":true,"showFog":false,"showSkybox":true,"showFlares":true,"showImageEffects":true,"showParticleSystems":true,"showVisualEffectGraphs":true,"m_FxEnabled":true},"in2DMode":false,"pivot":{"x":0.17452722787857057,"y":-5.2672905921936039,"z":0.029052438214421274},"rotation":{"x":0.03032846935093403,"y":0.2694886028766632,"z":-0.008491814136505127,"w":0.9624910950660706},"size":15.439828872680664,"orthographic":false}