{"cameraMode":{"drawMode":0,"name":"Shaded","section":"Shading Mode"},"sceneLighting":false,"audioPlay":false,"sceneViewState":{"m_AlwaysRefresh":true,"showFog":false,"showSkybox":true,"showFlares":true,"showImageEffects":true,"showParticleSystems":true,"showVisualEffectGraphs":true,"m_FxEnabled":true},"in2DMode":false,"pivot":{"x":-0.27410781383514407,"y":-3.9288864135742189,"z":0.880000114440918},"rotation":{"x":0.01613832637667656,"y":0.9552721977233887,"z":0.05307239666581154,"w":-0.29048752784729006},"size":8.109769821166993,"orthographic":false}